{"income_median": 61000, "fleet_perc": 0.0006936506232689409, "useful_batt_kwh": 12.825000000000001, "income_bin_min": 50000, "income_bin_max": 75000}
