{"income_median": 327000, "fleet_perc": 0.004447312994319719, "useful_batt_kwh": 26.634493133969272, "income_bin_min": 200000, "income_bin_max": 100000000}
