{"income_median": 327000, "fleet_perc": 0.002470695142086109, "useful_batt_kwh": 18.125202057135443, "income_bin_min": 200000, "income_bin_max": 100000000}
