{"income_median": 86000, "fleet_perc": 0.0391797751650425, "useful_batt_kwh": 49.86495837588524, "income_bin_min": 75000, "income_bin_max": 100000}
