{"income_median": 86000, "fleet_perc": 0.01584091307352588, "useful_batt_kwh": 20.05666254737296, "income_bin_min": 75000, "income_bin_max": 100000}
