{"income_median": 133000, "fleet_perc": 0.012020705564363087, "useful_batt_kwh": 49.922883635313816, "income_bin_min": 100000, "income_bin_max": 200000}
