{"income_median": 133000, "fleet_perc": 0.011156628334725641, "useful_batt_kwh": 18.147137000915865, "income_bin_min": 100000, "income_bin_max": 200000}
