{"income_median": 17000, "fleet_perc": 4.581665772628882e-05, "useful_batt_kwh": 12.825000000000001, "income_bin_min": 10000, "income_bin_max": 25000}
