{"income_median": 327000, "fleet_perc": 0.014689776666384819, "useful_batt_kwh": 62.802302278441246, "income_bin_min": 200000, "income_bin_max": 100000000}
