{"income_median": 327000, "fleet_perc": 0.0037711506635847744, "useful_batt_kwh": 20.05666254737296, "income_bin_min": 200000, "income_bin_max": 100000000}
