{"income_median": 36000, "fleet_perc": 0.04266203838519271, "useful_batt_kwh": 39.832850543959665, "income_bin_min": 25000, "income_bin_max": 50000}
