{"income_median": 36000, "fleet_perc": 0.013536943107223576, "useful_batt_kwh": 25.381495402077505, "income_bin_min": 25000, "income_bin_max": 50000}
