{"income_median": 327000, "fleet_perc": 0.00014008872548948274, "useful_batt_kwh": 12.825000000000001, "income_bin_min": 200000, "income_bin_max": 100000000}
