{"income_median": 133000, "fleet_perc": 0.00933894831463628, "useful_batt_kwh": 0.6400000000000001, "income_bin_min": 100000, "income_bin_max": 200000}
