{"income_median": 36000, "fleet_perc": 0.01891368882483705, "useful_batt_kwh": 50.60759947862861, "income_bin_min": 25000, "income_bin_max": 50000}
