{"income_median": 36000, "fleet_perc": 0.033061008385114145, "useful_batt_kwh": 1.0151037931421618, "income_bin_min": 25000, "income_bin_max": 50000}
