{"income_median": 86000, "fleet_perc": 0.0145152599815667, "useful_batt_kwh": 25.115145125962353, "income_bin_min": 75000, "income_bin_max": 100000}
