{"income_median": 86000, "fleet_perc": 0.012257682599733059, "useful_batt_kwh": 18.125202057135443, "income_bin_min": 75000, "income_bin_max": 100000}
