{"income_median": 36000, "fleet_perc": 0.003643892898075001, "useful_batt_kwh": 0.6400000000000001, "income_bin_min": 25000, "income_bin_max": 50000}
