{"income_median": 36000, "fleet_perc": 0.0003630600921573892, "useful_batt_kwh": 12.825000000000001, "income_bin_min": 25000, "income_bin_max": 50000}
