{"income_median": 86000, "fleet_perc": 0.007484966214393924, "useful_batt_kwh": 48.984150008481095, "income_bin_min": 75000, "income_bin_max": 100000}
