{"income_median": 86000, "fleet_perc": 0.0075635340293108075, "useful_batt_kwh": 18.147137000915865, "income_bin_min": 75000, "income_bin_max": 100000}
