{"income_median": 36000, "fleet_perc": 0.007634727720436206, "useful_batt_kwh": 28.946769310039475, "income_bin_min": 25000, "income_bin_max": 50000}
