{"income_median": 36000, "fleet_perc": 0.006681478085965207, "useful_batt_kwh": 18.125202057135443, "income_bin_min": 25000, "income_bin_max": 50000}
