{"income_median": 133000, "fleet_perc": 0.1411350824373861, "useful_batt_kwh": 39.832850543959665, "income_bin_min": 100000, "income_bin_max": 200000}
