{"income_median": 133000, "fleet_perc": 0.04091436498187792, "useful_batt_kwh": 18.125202057135443, "income_bin_min": 100000, "income_bin_max": 200000}
