{"income_median": 17000, "fleet_perc": 0.0004659023549346824, "useful_batt_kwh": 44.67405779902299, "income_bin_min": 10000, "income_bin_max": 25000}
