{"income_median": 17000, "fleet_perc": 0.0005173381969676207, "useful_batt_kwh": 18.147137000915865, "income_bin_min": 10000, "income_bin_max": 25000}
