{"income_median": 133000, "fleet_perc": 0.06559187621182358, "useful_batt_kwh": 49.86495837588524, "income_bin_min": 100000, "income_bin_max": 200000}
