{"income_median": 133000, "fleet_perc": 0.02467609147966994, "useful_batt_kwh": 20.05666254737296, "income_bin_min": 100000, "income_bin_max": 200000}
