{"income_median": 327000, "fleet_perc": 0.02794270553417682, "useful_batt_kwh": 39.71288449470349, "income_bin_min": 200000, "income_bin_max": 100000000}
