{"income_median": 327000, "fleet_perc": 0.00878080284761076, "useful_batt_kwh": 0.6400000000000001, "income_bin_min": 200000, "income_bin_max": 100000000}
