{"income_median": 86000, "fleet_perc": 0.006507790341437823, "useful_batt_kwh": 0.6400000000000001, "income_bin_min": 75000, "income_bin_max": 100000}
