{"income_median": 86000, "fleet_perc": 0.0006545884690930549, "useful_batt_kwh": 12.825000000000001, "income_bin_min": 75000, "income_bin_max": 100000}
