{"income_median": 133000, "fleet_perc": 0.022147402802630372, "useful_batt_kwh": 35.084375631520885, "income_bin_min": 100000, "income_bin_max": 200000}
