{"income_median": 17000, "fleet_perc": 0.005379377496689678, "useful_batt_kwh": 39.832850543959665, "income_bin_min": 10000, "income_bin_max": 25000}
