{"income_median": 17000, "fleet_perc": 0.00172722373701152, "useful_batt_kwh": 25.381495402077505, "income_bin_min": 10000, "income_bin_max": 25000}
