{"income_median": 86000, "fleet_perc": 0.0864042329391142, "useful_batt_kwh": 39.832850543959665, "income_bin_min": 75000, "income_bin_max": 100000}
