{"income_median": 86000, "fleet_perc": 0.026292681803989186, "useful_batt_kwh": 25.381495402077505, "income_bin_min": 75000, "income_bin_max": 100000}
