{"income_median": 17000, "fleet_perc": 0.0004675236296124844, "useful_batt_kwh": 0.6400000000000001, "income_bin_min": 10000, "income_bin_max": 25000}
