{"income_median": 61000, "fleet_perc": 0.01464543511161105, "useful_batt_kwh": 28.946769310039475, "income_bin_min": 50000, "income_bin_max": 75000}
