{"income_median": 61000, "fleet_perc": 0.012645086321138541, "useful_batt_kwh": 18.125202057135443, "income_bin_min": 50000, "income_bin_max": 75000}
