{"income_median": 17000, "fleet_perc": 0.0023709175768048497, "useful_batt_kwh": 50.60759947862861, "income_bin_min": 10000, "income_bin_max": 25000}
