{"income_median": 17000, "fleet_perc": 0.004249636258487581, "useful_batt_kwh": 1.0151037931421618, "income_bin_min": 10000, "income_bin_max": 25000}
