{"income_median": 17000, "fleet_perc": 0.0009650238136779489, "useful_batt_kwh": 28.946769310039475, "income_bin_min": 10000, "income_bin_max": 25000}
