{"income_median": 17000, "fleet_perc": 0.0008514789065668098, "useful_batt_kwh": 18.125202057135443, "income_bin_min": 10000, "income_bin_max": 25000}
