{"income_median": 36000, "fleet_perc": 0.0037555800319085866, "useful_batt_kwh": 44.67405779902299, "income_bin_min": 25000, "income_bin_max": 50000}
