{"income_median": 36000, "fleet_perc": 0.004077268816521474, "useful_batt_kwh": 18.147137000915865, "income_bin_min": 25000, "income_bin_max": 50000}
