{"income_median": 61000, "fleet_perc": 0.03689522506796202, "useful_batt_kwh": 49.86495837588524, "income_bin_min": 50000, "income_bin_max": 75000}
