{"income_median": 61000, "fleet_perc": 0.062388982750502926, "useful_batt_kwh": 1.0151037931421618, "income_bin_min": 50000, "income_bin_max": 75000}
