{"income_median": 61000, "fleet_perc": 0.015495147478548769, "useful_batt_kwh": 18.147137000915865, "income_bin_min": 50000, "income_bin_max": 75000}
