{"income_median": 61000, "fleet_perc": 0.08250067291561347, "useful_batt_kwh": 39.832850543959665, "income_bin_min": 50000, "income_bin_max": 75000}
