{"income_median": 61000, "fleet_perc": 0.025722517370543343, "useful_batt_kwh": 25.381495402077505, "income_bin_min": 50000, "income_bin_max": 75000}
