{"income_median": 327000, "fleet_perc": 0.003402994808246304, "useful_batt_kwh": 58.79341651474626, "income_bin_min": 200000, "income_bin_max": 100000000}
