{"income_median": 327000, "fleet_perc": 0.001673236376311777, "useful_batt_kwh": 18.147137000915865, "income_bin_min": 200000, "income_bin_max": 100000000}
