{"income_median": 61000, "fleet_perc": 0.007390722678289238, "useful_batt_kwh": 44.67405779902299, "income_bin_min": 50000, "income_bin_max": 75000}
